<?xml version="1.0" encoding="UTF-8"?>
<!DOCTYPE hibernate-reverse-engineering PUBLIC "-//Hibernate/Hibernate Reverse Engineering DTD 3.0//EN" "http://hibernate.sourceforge.net/hibernate-reverse-engineering-3.0.dtd">
<hibernate-reverse-engineering>
  <schema-selection match-catalog="socialtime"/>
  <table-filter match-name="useravailability"/>
  <table-filter match-name="hours"/>
  <table-filter match-name="event"/>
  <table-filter match-name="users"/>
  <table-filter match-name="eventvotes"/>
  <table-filter match-name="userunavailability"/>
  <table-filter match-name="eventinvitations"/>
  <table-filter match-name="day"/>
</hibernate-reverse-engineering>
