<?xml version="1.0" encoding="UTF-8"?>
<!DOCTYPE hibernate-configuration PUBLIC "-//Hibernate/Hibernate Configuration DTD 3.0//EN" "http://hibernate.sourceforge.net/hibernate-configuration-3.0.dtd">
<hibernate-configuration>
  <session-factory>
    <property name="hibernate.dialect">org.hibernate.dialect.MySQLDialect</property>
    <property name="hbm2ddl.auto">create/update</property>
    <property name="hibernate.connection.driver_class">com.mysql.jdbc.Driver</property>
    <property name="hibernate.connection.url">jdbc:mysql://localhost:3306/socialtime</property>
    <property name="hibernate.connection.username">root</property>
    <mapping class="com.socialtime.model.Hours"/>
    <mapping class="com.socialtime.model.Eventinvitations"/>
    <mapping class="com.socialtime.model.Users"/>
    <mapping class="com.socialtime.model.Event"/>
    <mapping class="com.socialtime.model.Eventvotes"/>
    <mapping class="com.socialtime.model.Useravailability"/>
    <mapping class="com.socialtime.model.Day"/>
    <mapping class="com.socialtime.model.Userunavailability"/>
  </session-factory>
</hibernate-configuration>
